{
    "loss": 0.45397016406059265,
    "accuracy": 0.8965517282485962
}